ID,title,location,salary,description
4a1357c75c5de429,2021년 3차 공개,서울 영등포구,,통신·모바일·게임>빅데이터·AI(인공지능)>데이터분석|인터넷·IT·통신·모바일·게임>빅데이터·AI(인공지능)> Python|인터넷·IT·통신·모바일·게임>빅데이터·AI(인공지능)>머신러닝|인터넷·IT·통신·모바일·게임>빅데이터...
d93213f6773b1f85,2021년 9월 LG화학 신입사원,서울특별시,,"활동 - 공정 예지 보전 시스템 개발 - SCM최적화 ※우대사항 : 프로그래밍 언어 능통자(C++, Python 등) RO제품을 분해하여 고객 불만의 원인을 파악 및 피드백 진행 - 필요 시에는 제품 개선에 반영 제품 생산관..."
6134326a10dd8a8d,파크시스템스 주식회사 2021년 각 부문,수원 영통구,,"리즘 개발 [자격요건] 경력: 무관 학력: 석사 학위 수여자 이상 성별/연령: 무관 물리전공 [우대사항] Python, C#, C++, Java 중 1개 언어 이상 가능자 광학 및 전산물이 경험자 고속카메라 Interface..."
dfb20fa220f3c478,"빅데이터, 인공지능(AI) 외 신입/경력 인턴",대한민국,,인공지능)>인공지능(AI)|인터넷·IT·통신·모바일·게임>빅데이터·AI(인공지능)>데이터분석|인터넷·IT·통신·모바일·게임>빅데이터·AI(인공지능)> Python|인터넷·IT·통신·모바일·게임>빅데이터·AI(인공지능)>딥러닝
7db11030d7bd72df,2021년 하반기 각 부문별 신입 및 경력직,대전 유성구,,"프로그래밍 툴 (Matlab, Python 등) 유경험자 광학 측정 장비... 인공지능)>토탈제어시스템|인터넷·IT·통신·모바일·게임>응용프로그래머> Python|인터넷·IT·통신·모바일·게임>응용프로그래머>C#|인터넷·IT·통신..."
7e1a22f30c051e91,2021년 KTCA 한국기술사업화진흥협회 전문가 양성과정 과정별 무료 교육생,대구 달서구,,통신·모바일·게임>빅데이터·AI(인공지능)>데이터분석|인터넷·IT·통신·모바일·게임>빅데이터·AI(인공지능)> Python|인터넷·IT·통신·모바일·게임>빅데이터·AI(인공지능)>머신러닝|인터넷·IT·통신·모바일·게임>빅데이터...
33365e5e22271910,CJ그룹 하반기 신입사원,서울 중구,,프로그래머> Python|인터넷·IT·통신·모바일·게임>응용프로그래머>JAVA|인터넷·IT·통신·모바일·게임>응용프로그래머> Python|인터넷·IT·통신·모바일·게임>빅데이터·AI(인공지능)> Python|인터넷·IT·통신·모바...
dd9eb17e1c4f5ffa,2021년 한국투자공사 경력직원,서울 중구,,터넷·IT·통신·모바일·게임>빅데이터·AI(인공지능)>머신러닝|인터넷·IT·통신·모바일·게임>응용프로그래머> Python|인터넷·IT·통신·모바일·게임>데이터베이스·DBA>SQL|인터넷·IT·통신·모바일·게임>전산·IT기술지원...
28f03796072d0139,CJ ENM(엔터) 하반기 신입사원,서울 마포구,,모바일·게임>웹프로그래머> Python|인터넷·IT·통신·모바일·게임>웹프로그래머>JAVA|인터넷·IT·통신·모바일·게임>웹프로그래머>PHP |인터넷·IT·통신·모바일·게임>응용프로그래머> Python|인터넷·IT·통신·모바일...
79b0a7b5d7be505d,[아이콘트롤스] 2021년 하반기 경력사원 모집,서울특별시,,"Spring, node.js, python 프레임워크를 활용한 서버 개발... 전공 무관 ㆍ총경력 : 4년 이상~8년 이하 ㆍ Python 개발 경력 4년 이상 - Python 서버 (Backend) 개발 경력 4년 이상 - 웹..."
2a452e66d2a683d9,[금호타이어] 2021년 9월 수시,서울 종로구,,모바일·게임>응용프로그래머> Python|인터넷·IT·통신·모바일·게임>웹프로그래머>JAVA|인터넷·IT·통신·모바일·게임>웹프로그래머>웹개발|인터넷·IT·통신·모바일·게임>웹프로그래머> Python|재무·회계·경리>재무·자금...
4c177959b781483f,광학솔루션사업부 R&D 신입 석/박사,경기도 안산,,"light Illumination microscopy - 프로그래밍 언어 사용 가능자 (Matlab, Python) [학력] - 박사 이상, 응용물리학 전공자 [모집 직무] - 카메라모듈/3D센싱모듈 양산개발 [필요직무상세..."
8c99b7aeb5eac5f5,CJ올리브네트웍스 하반기 신입사원,서울 중구,,통신·모바일·게임>웹프로그래머> Python|인터넷·IT·통신·모바일·게임... 로그래머>머신러닝(ML)|인터넷·IT·통신·모바일·게임>응용프로그래머> Python|인터넷·IT·통신·모바일·게임>응용프로그래머>증강현실(AR)|인터넷...
9e5974a97954093e,2021년 농식품 빅데이터 플랫폼 인력양성 무료 교육생,전라북도,,통신·모바일·게임>빅데이터·AI(인공지능)>데이터분석|인터넷·IT·통신·모바일·게임>빅데이터·AI(인공지능)> Python|인터넷·IT·통신·모바일·게임>빅데이터·AI(인공지능)>머신러닝|인터넷·IT·통신·모바일·게임>빅데이터...
90398eeb267968c5,Python 활용한 데이터 분석,서울 마포구,,지원자격 경력 경력 (3년이상) 학력 학력무관 성별 무관 기타 담당업무 Python 활용한 데이터 분석 커리어 양식 지원 상세모집요강 접수기간/방법... 산업 직무별(직종) 웹프로그래머 Python 응용프로그래머전산전공 산업별...
c10064bea1536bfd,[ICT 확산사업] 2021년 블록체인 교육비 무료 교육생,서울,,통신·모바일·게임>빅데이터·AI(인공지능)>데이터분석|인터넷·IT·통신·모바일·게임>빅데이터·AI(인공지능)> Python|인터넷·IT·통신·모바일·게임>빅데이터·AI(인공지능)>머신러닝|인터넷·IT·통신·모바일·게임>빅데이터...
78e99625e5de3c95,전문연구요원 (병역특례) 수시 (AI / HW 분야),성남 분당구,"연봉 40,000,000원 - 100,000,000원","모델의 RTL IP 설계 및 IP 검증 가능자 - Language: Python/Perl, C/C++ [우대 조건] - ARM based SoC 설계... Linux, shell, tcl, python, perl 사용 원활..."
38fdadeba3dae05f,Diploma Student / Intern - Software Engineering Intern - Kor...,서울,,"even under challenging conditions Programming languages: Python, JavaScript Intermediate communication skills in English..."
7b2132b6921cf599,IT기획 경력사원,서울특별시,,"5년 이상 (IT기획, 프로젝트 PM/PL, 개발경력 등) - 자격 : 컴퓨터 언어 활용능력 보유 (JAVA, PYTHON) : 데이터베이스(RDBMS) 활용능력 보유 - 우대사항 : IT 예산(HW,SW,인건비) 수립 경험..."
55584c627df1acaa,데이터 분석가/사이언티스트(신입/인턴 가능),제주도 제주,,"Sheet) 등 데이터 분석 도구를 원활히 다루시거나, 앞으로 원활히 다루고자 하는 의지가 높으신 분 Python, R 등의 프로그래밍 언어 혹은 데이터 분석 언어를 1개 이상 능숙하게 사용 가능하신 분 전형절차 서류 지원..."
b87925fca90ff991,2021년 9월 경력사원 (생산/설비/에너지기술/원격/제조PI/건설),청주 오창읍,,"5년 이상 우대사항 - R 및 Python 등 프로그램 활용 역량 - 관련... 제조환경 품질이슈 발굴 및 분석 경험 - Spotfire, SAS, Python, R 활용 역량 우대사항 - 머신러닝(딥러닝포함)관련 알고리즘 전문..."
daf126584d1c302b,"드론솔루션 (아두이노, 드론제작, 3D, 드론쇼핑몰)",성남 분당구,"연봉 25,000,000원 - 30,000,000원","학력사항: 학력무관직무기술: 드론솔루션, 아두이노 등 임베디드SW, Python, 택배드론, 국방드론 무기체계, 드론HW제작, 원격수질측정드론, 화재... 통신·모바일·게임>응용프로그래머> Python|인터넷·IT·통신·모바일·게임..."
22fd5b99c266e7b9,Operations Associate - Remote - Crypto/Fintech,서울•원격 근무,,Strong numeracy skills * Good working knowledge of Excel * Python and SQL knowledge a nice to have * Experience working...
0f7993638aee82bd,Deep Learning Researcher (Intern),서울,,"Adversarial attacks, examples Minimum Qualifications • Python Programming • Deep learning with hands-on experience of deep..."
80e99f7c98dec4ce,[/연구비 지원] 2021년 여성과학기술인 R&D경력복귀 지원사업,서울 강남구,,통신·모바일·게임>웹프로그래머> Python|인터넷·IT·통신·모바일·게임... 로그래머>인공지능(AI)|인터넷·IT·통신·모바일·게임>응용프로그래머> Python|인터넷·IT·통신·모바일·게임>응용프로그래머>증강현실(AR)|인터넷...
b30ad1aab5c0a8fa,[IT운영팀] RPA 기획 설계 경력직 채용,서울,,"RPA 이해도 上 및 활용 제안 knowledge • UiPath (타 SW경험 가능), Python 이해 및 활용 • Java, Javascript, SQL 기본이해 • DT Trend / Insight 0 본사 (63스퀘..."
9087862be2f1d252,IT 및 대인(소액)보상 신입 및 경력직,경기도,,웹개발|인터넷·IT·통신·모바일·게임>웹프로그래머>JSP|인터넷·IT·통신·모바일·게임>웹프로그래머> Python|인터넷·IT·통신·모바일·게임>응용프로그래머>iOS|인터넷·IT·통신·모바일·게임>응용프로그래머>Android...
9ae82a36c58de685,[LNG발전소] 데이터분석 전문가,충청남도,,모바일·게임>빅데이터·AI(인공지능)>인공지능(AI)|인터넷·IT·통신·모바일·게임>빅데이터·AI(인공지능)> Python|인터넷·IT·통신·모바일·게임>빅데이터·AI(인공지능)>머신러닝|인터넷·IT·통신·모바일·게임>빅데이터...
8cc372a6b78679b1,"인공지능(AI), Python(응용프로그램 개발자) 외 신입/경력 정규직",서울 성북구,"연봉 25,000,000원 - 30,000,000원","(주)쿠노소프트 인공지능(AI), Python 외 신입/경력 정규직 채용... 래머>인공지능(AI)|인터넷·IT·통신·모바일·게임>응용프로그래머> Python|인터넷·IT·통신·모바일·게임>응용프로그래머>Visual C++(MFC..."
14384a38d58ce125,(주)데이터누리 데이터 분석가 정규직,서울 강서구,"연봉 30,000,000원 - 70,000,000원","직무내용] - 지원자격ㆍ경력 : 경력 1년 이상- 우대사항ㆍ Python, R, SAS 기반의 데이터 전처리, 가공, 분석 등 경험자ㆍ보유 자격(우대) : 데이터분석 전문가, 데이터분석 준전문가, 빅데이터분석기사, SQLP..."
4f43a2e29f9f5c11,자동차 전장 ADAS 카메라 알고리즘 SW 개발 전문가,서울특별시,,"Camera calibration, multi-view geometry - 중급 이상 C/C++/ Python 개발 및 computer vision관련 tool 활용 가능 - Tensorflow/Pytorch/Caffe 등의..."
8531ebf9afc151e9,품질센터 인재 Pool 등록 (9월 경력),청주 오창읍,,"Minitab, SPSS, SAS 등) or 프로그래밍 언어 (R, Python, Visual Basic 등)에 대한 경험 - 6σ MBB, CRE... 등) or 프로그래밍 언어(R, Python, Visual Basic 등..."
e2266a925d1e55c9,SK 바이오사이언스 21년 하반기 임상/허가/해외사업개발 부문,성남 분당구,,"임상시험 Design, 통계분석) 4) CDISC (SDTM/ADaM) 경험 필수 5) SAS, R, Python 등 능통자 우대 6) 영어 능통자 우대 (Global 임상 수행) 근무지 : 판교 PV (약물감시..."
14d562d10c215572,"PHP, Python 신입/경력 정규직",서울 금천구,,"주식회사 비즈부스터 PHP, Python 개발자 채용 모집부문 및 자격요건 담당업무 자격요건 인원 [담당업무]*당사의 서비스(비즈탑) 솔루션 및 서비... 프로그래머>PHP |인터넷·IT·통신·모바일·게임>웹프로그래머> Python"
84fd9f9deb6105b0,"웹개발, Python 외 신입/경력 계약직",서울 강서구,,"주식회사 쿠바로엠앤씨 웹개발, Python 외 신입/경력 계약직 채용 모집... 게임>웹프로그래머>웹개발|인터넷·IT·통신·모바일·게임>웹프로그래머> Python|인터넷·IT·통신·모바일·게임>웹프로그래머>백엔드|인터넷·IT·통신..."
941687b6bbb14d81,웹 개발자 경력 Java/Php/Javascript/Python/Html/CSS 등 프로젝트 경력자,대전 서구,"연봉 30,000,000원 - 35,000,000원","(주)바이오브레인 웹 개발자 경력 채용 모집부문 및 자격요건 담당업무 자격요건 인원 [담당업무] ㆍ웹 기반 프로젝트 개발 및 운영 [근무부서 및 직급/직책] 직급/직책: 대리 [자격요건] ㆍJava, Php..."
00a88b7a0a1ae378,[TmaxAI/R&D] NLP(자연어음성) 부문 개발 신입 및 경력,성남 분당구,,"Spring / MySQL, Oracle, Tibero 등의 DB 개발 경험) - 음성/자연어처리 AI ( python) 우대사항 [프론트] - UX 기획 및 개발 유경험자 - react 개발 유경험자 - Git 및 형상관리..."
c02d60ec8ce427fc,"백엔드, Python 외 경력 정규직, 계약직",성남 분당구,,"- 지원자격 Python 기반 서비스 개발 경험을 가지고 계신 분 NodeJS... 력무관직무기술: NodeJS 백엔드 개발, 백엔드부문기타: - 지원자격 Python 기반 서비스 개발 경험을 가지고 계신 분NodeJS, express..."
417d617feb2b2c3a,"개발자 - 로그 분석 프로그램, Python",서울 송파구,,"차장 [담당업무]ㆍ Python, Kafka를 활용한 차세대 데이터 시스템 개발ㆍ실시간 대용량 로그 수집, 분석, 저장ㆍ Python, Linux, Kafka, IBM LSF[필요기술]ㆍ Python 을 이용한 문자열 처리, 외부..."
12938745a5093e4b,[TmaxAI/R&D] AI 로보어드바이저 개발자,성남 분당구,,"기졸업자 또는 22년 2월 졸업 예정자 -금융공학을 포함한 금융 관련 분야 전공자 혹은 유관 능력 보유자 - Python, numpy, pandas 사용 경험 우대사항 -컴퓨터 및 전산관련 전공 -금융권 경력 3년 이상이거나..."
39b19739923303ea,(주)네패스 경력직 수시,청주 청원구,,래머>프론트엔드|인터넷·IT·통신·모바일·게임>웹프로그래머>백엔드|인터넷·IT·통신·모바일·게임>웹프로그래머> Python|인터넷·IT·통신·모바일·게임>데이터베이스·DBA>Oracle DB|인터넷·IT·통신·모바일·게임>응용...
d83fc0dd2641f483,전문연구요원 (병역특례) 수시 (AI / SW 분야),성남 분당구,"연봉 40,000,000원 - 100,000,000원",요구 능력] - ASM/C/C++/ Python 언어 코딩 기술 - 운영체제... 경험 - Windows/Linux 상에서 C++/ Python 언어 사용 개발 경험 - C++ / Python 언어 사용 개발 경험 - 객체지향 설계에...
f43ce6c9492e1cd0,국제시장 Analyst & Data Scientist,서울 마포구,,"분석 프로그램 활용 가능자전공: 경영/경제학, 통계학, 금융/산업공학, 수학 등 관련학과석박사 학위수여자 Python으로 다양한 software 개발 경력자 0 명 근무조건 고용형태: 정규직(수습기간3개월)근무부서: 물가분석..."
96d5b8416a1f4d4f,대기업 계열사 빅데이터 사이언스 팀장 초빙의 건,서울 서초구,,데이터·AI(인공지능)>빅데이터|인터넷·IT·통신·모바일·게임>빅데이터·AI(인공지능)>데이터분석|인터넷·IT·통신·모바일·게임>빅데이터·AI(인공지능)> Python|인터넷·IT·통신·모바일·게임>빅데이터·AI(인공지능)>R
e5448ffc7d6ecf02,FPGA 플랫폼 엔지니어 (딥러닝 하드웨어 프로세서 개발),성남 분당구,"연봉 40,000,000원 - 100,000,000원","사용 경험(Chip Scope/SignalTap) - Language: Python/Perl, C/C++ - Vivado 또는 Synplify 또는... SignalTap) - Language: Python/Perl, C/C++..."
63aa7316b1a84843,네트워크 담당자 영입,성남 분당구,,응용프로그래머>클라우드|인터넷·IT·통신·모바일·게임>네트워크·서버·보안>네트워크구축·운영·관리|인터넷·IT·통신·모바일·게임>네트워크·서버·보안>TCP·IP·IPX|인터넷·IT·통신·모바일·게임>웹프로그래머> Python
31232dc67dc3bbdc,SK증권 알고리즘팀연계형 인턴,대한민국,,"외여행에 결격 사유가 없는 자 2) 우대사항 : - 전산 및 금융공학 관련 학과 학사 학위 이상 보유자 - Python, C++ 등 시스템 개발 능력 보유자 - 파생상품 Pricing 등 퀀트 개발 능력 보유자 - 금융 관련..."
40bd05778cdab790,AI Research Engineer,서울,,"PyTorch, Caffe, and MxNet - Strong programming skills with Python and C/C++ - Experiences in programming and testing on Linux..."
1e974ff27c6eb340,Autonomous Driving 분야 엔지니어,서울 강남구,,"프로그래밍 기술 (C/C++, Python 등) - 이동 로봇/드론 관련... platform 개발 경험 - 뛰어난 프로그래밍 기술 (C/C++, Python) - 3D geometry, math, physics 관련 경험 및..."
864be0963e8989bd,"소프트웨어, Python 경력 정규직",서울 강남구,,자유롭게 연락을 주시면 더 자세한 정보를 드리도록 하겠습니다. Job description은 인터넷·IT·통신·모바일·게임>소프트웨어·하드웨어>소프트웨어|인터넷·IT·통신·모바일·게임>빅데이터·AI(인공지능)> Python
e674df93fb41fb5b,ADAS Vision System SW개발 경력인재 [자동차부품 우량대기업],서울,,C·C++|인터넷·IT·통신·모바일·게임>응용프로그래머>Linux|인터넷·IT·통신·모바일·게임>응용프로그래머> Python|인터넷·IT·통신·모바일·게임>통신·모바일>커넥티드카 개발자|인터넷·IT·통신·모바일·게임>소프트웨어...
47ff549b25cc6394,데이터표준품질부문 경력지 (정규직),과천 과천시,,데이터분석|인터넷·IT·통신·모바일·게임>빅데이터·AI(인공지능)> Python|인터넷·IT·통신·모바일·게임>빅데이터·AI(인공지능)>R|인터넷... DBA>MySQL|인터넷·IT·통신·모바일·게임>응용프로그래머> Python
754be9e3d78fa802,2021년 상반기 R&D 개발자 (병역특례 가능/경력 무관),인천 연수구,,"담당업무: - 블루투스 메시 기반 위치 추적 솔루션 개발 - 상기 솔루션의 임베디드 펌웨어 개발 - C(필수), Python, Javascript 프로그래밍 언어 사용 - 기술 지원 [자격요건] 경력사항: 무관 (신입도 지원..."
54cfa68863999df7,알키미스트 프로젝트 대국민 아이디어 공모전 참여,서울,,통신·모바일·게임>빅데이터·AI(인공지능)>데이터분석|인터넷·IT·통신·모바일·게임>빅데이터·AI(인공지능)> Python|인터넷·IT·통신·모바일·게임>빅데이터·AI(인공지능)>머신러닝|인터넷·IT·통신·모바일·게임>빅데이터...
009a512f6cd9ce08,SK 바이오사이언스 21년 하반기 마케팅/영업 부문,성남 분당구,,"Access 등) 활용 가능자 4) 영어 능통자 5) SAP SD 모듈 활용 가능자 우대 6) Python, R 등 다양한 data분석 tool 활용 가능자 우대 7) 상경계통, 산업공학 전공자 우대 근무지..."
41ccdb656d6dc64c,"[마케팅코리아]웹개발자 php,python,mysql 등 경력자 - 마케팅코리아",부산 해운대구,,"모집직종 웹 개발자(웹 엔지니어·웹 프로그래머) 관련직종 - 직무내용 1. 웹 개발기획 2. 웹 개발 및 유지보수 접수마감일 채용시까지 고용형태 기간의 정함이 없는 근로계약 장애인 채용인원 1명 임금조건 연봉 40,000..."
4adac8923476d038,프랭클린템플턴투신운용 Junior Trader (Quant base 필수),대한민국,,"object-oriented programming and intermediate programming proficiency in Python, R or MATLAB, and SQL are essential. Licenses..."
6d32c5c83a3357a2,부문별 신규직원,세종특별자치시,,통신·모바일·게임>빅데이터·AI(인공지능)>데이터분석|인터넷·IT·통신·모바일·게임>빅데이터·AI(인공지능)> Python|인터넷·IT·통신·모바일·게임>빅데이터·AI(인공지능)>머신러닝|인터넷·IT·통신·모바일·게임>빅데이터...
b1df05a19043bcc0,Wind Resource Analyst Offshore (KR),서울,,"experience in programming languages (e.g. Matlab, Python... plus Agile mindset, analytical skills, creativity and problem..."
2b4aadd8a66db150,[디지털컨텐츠사] DBA,성남 분당구,,"Linux 를 잘 다룰줄 알며 스크립트 언어 사용 가능 ( Shell, Python 등 ) 하신 분 커리어라임즈 [디지털컨텐츠사] DBA 모집부문 및... 언어 사용 가능 ( Shell, Python 등 ) 하신 분 1 명 근무조..."
c2f5f53dc48263eb,Deep Learning Researcher – On-device AI theory and algorithm,서울,,"experiences • Algorithm implementation experiences using python with deep learning platform, e.g. PyTorch, TensorFlow..."
5275d85aa243ff07,DX분야(Data Engineer) 경력사원 (법인Staff),서울특별시,,"전반적인 이해 경력사항 (관련 경력 3년 이상) - 오픈소스 활용 실시간/배치 서비스 개발 운영 경험 - Python, Java, Scala 등 하나 이상을 이용한 개발 경험 우대사항 - AWS 등 클라우드 환경에서의 데이터..."
4cd34228af5013fd,DGIST 2019년 제1차 계약직원 공개채용 공고,대구 현풍면,,"우수자(SPSS, R 등 통계패키지) 외국어(영어) 구사 능력 우수자 Programming(MATLAB, Python, C/C++ 등) 가능자 · 근무기간 : 2019.3.11.~2020.3.10. ※ 단, 재계약 평가에..."
752a4b5d63eac97c,Back-end Engineer (Python),서울 강남구,,"찾아요 5년 이상의 웹/앱 서비스의 백엔드 시스템 개발 경험이 있으시거나 이에 준한 역량을 갖추신 분 Python(Django, Flask) 개발 경험이 있으신 분 AWS 환경에서의 개발이 익숙하신 분 git 기반 코드..."
35f0a25dee5f3312,딥러닝 알고리즘 및 응용 Engineer,성남 분당구,"연봉 40,000,000원 - 100,000,000원",모바일·게임>빅데이터·AI(인공지능)>인공지능(AI)|인터넷·IT·통신·모바일·게임>빅데이터·AI(인공지능)> Python|인터넷·IT·통신·모바일·게임>빅데이터·AI(인공지능)>머신러닝|인터넷·IT·통신·모바일·게임>빅데이터...
8e427bfa23c2365d,Machine Learning Engineer (LINE AI Services Lab),대한민국,,"있으신 분 Hadoop MR, Hive, Spark 등 대용량 처리 프레임워크 개발/사용 경험이 있으신 분 Python, Scala, SQL 등의 프로그래밍 언어를 사용할 수 있으신 분 해외 출장 및 근무에 결격 사유 없으신..."
df21e3bb5d773616,Python Programmer,서울 서초구,,개발 – JAVA 프로그래밍(라이브러리 활용) – Spring 프레임 워크 개발 – Python API 프로그래밍 우대사항 – Python 개발 경험 – Open Source 라이브러리 개발경험 – Web 표준에 대한 경험...
01bd5372e531d949,"Sales - Sales Operations Specialist, Seoul, Korea",서울,,"software, including... limited to Excel, PPT, Word, SQL, Python, Tableau, etc. Demonstrated ability to define, refine..."
06d133676285b02e,침해사고 대응,성남 판교역,,"계층별/영역별 취약점에 대한 충분한 이해 - CVE 보안취약점 분석 및 대응 역량 - C, Java, Python 등을 통한 업무 자동화 및 분석도구 개발 경험 - 리버스 엔지니어링에 능숙하거나 다수의 버그바운티 참여..."
be95b5718905880f,AI/빅데이터/클라우드 분야 (인재 Pool),서울,,"의미한 인사이트 발굴 - R, Python, SQL 등 Statistics... 등)의 다양한 솔루션을 활용하여 서비스 개발 경험자 2) Java, Python 등 프로그래밍 개발 경험 보유자 3) Container 기반 서비스..."
3b9a4bb5dfb41c5a,FDS 데이터분석/딥러닝/머신러닝 모형개발(수원 영통),수원 영통구,,"Learning 등 Big Data 분석관련 알고리즘에 대한 이해를 바탕으로 데이터 분석 및 인사이트 도출ㆍSQL, Python 등의 통계 및 분석 능력 인터넷·IT·통신·모바일·게임>빅데이터·AI(인공지능)>데이터분석"
7e4150117819bbe4,"정보보호 엔지니어(보안개발, 서버보안) 모집",성남 판교역,,"있으신 분이 유리합니다. 지원자격 Linux 플랫폼에 대한 이해 서버 개발경험 필수 [mongdb, python, docker, bash script] 내부통제 관점의 기업보안의 이해 경력 3년 차 이상 필독사항..."
c793a3ef3425f495,빅데이터 분석 기술인력 (정규직),서울 강남구,,"담당업무]데이터 분석 분야 ( Python, R, SAS 기반의 DATA... BIG DATA 프로젝트 경험자, PL/PM 경력자 우대, R 또는 Python 활용가능한 경력자전공계열: 전산학, 컴퓨터공학, 수학, 응용소프트웨어..."
55a19c92c845685e,Developer / Designer recruit,서울 논현동,,"language (i.e Python, Ruby, Java, .Net... High proficiency in Python... knowledge... least one Python web framework..."
2b2dcd3ffe3d53df,카카오 데이터의 가치를 발굴할 데이터 분석가 모집,성남 판교역,,"기술 통계량 이해 및 해석) 데이터 분석 업무를 수행할 수 있는 언어 스킬 필수 SQL 필수 R 또는 Python을 다룰 수 있는 분 (SAS, SPSS, GA, tableau 등 통계 툴만 사용 가능한 경우 제외) 하둡..."
9193b9de45a0ac1c,Embedded Software Engineer - Connected,경기도 성남,,"skills with C, C++ and other script languages (i.e. python etc..) Strong knowledge... IOT devices communication protocols..."
20abdd225641e77a,"Software QA Infotainment Test Engineer, Bundang, Gyeonggi, K...",경기도 성남,,"one or more scripting languages... Perl, Ruby, Python, or Bash Passionate about troubleshooting failures to determine..."
0064deb5fa9cbce0,데이터 사이언티스트 모집,성남 판교역,,"양한 실험을 통해 알고리즘을 개선합니다. 지원자격 지원자격 하나 이상의 프로그래밍 언어에 익숙한 분( Python, Java, C/C++, Scala 등) 머신러닝/딥러닝 오픈소스를 이용하여 1년 이상 특정 서비스에 모델..."
224971cd3009c4ba,AI/BigData 인재 (신입/경력),서울 마곡역,,라우드 플랫폼 기반 AI 응용 서비스 개발 - 웹서버 및 프론트엔드 기술 기반 AI 웹서비스 개발 필요 역량 * Python 프로그래밍 역량 - DB와 dataframe 간 데이터 변환 - 알고리즘 전처리부 구현 - 알고리즘...
bfe0f5ac4f32ec89,추천 통계분석/데이터사이언티스트,성남 판교역,,"통계, 수학 관련 분야의 석사 또는 박사 학위 소지자 숙련된 데이터분석 능력 데이터 사이언스를 위한 언어( Python/R) 를 하나 이상 능숙하게 다룰 수 있으신 분 분석 결과를 설득력있게 전달할 수 있는 분 우대사항..."
8ea9448c5082a46e,Data Scientist,서울,,"skills in Python, and ideally in other languages like R, SQL, Hive Sql, C++ • Hands-on experience with Python libraries..."
ac9068957c550cb3,데이터 전문가(모델러/분석가/엔지니어) 모집,성남 판교역,,대용량 데이터를 효율적으로 사용하기 위한 기반 데이터 가공 지원자격 데이터 사이언스를 위한 언어(R/ Python/Scala) 및 도구(scikit-learn/Spark MLlib/Tensorflow/Pytorch 등)를...
b4af46c517c5c228,광학솔루션사업부 경력사원 공고 (생산/품질 분야),경상북도 구미,,"Epoxy dispensing, Vision/Function test) 우대 - C+, C++, C#, Python 등 프로그래밍 언어 사용 능숙자 우대 [학력] - 학사 이상, 기계공학/전기전자 등 공학 전공자 공통 지원자..."
71c47ac87bb4087e,기술 인턴 인공지능 응용 연구/개발 인턴,서울 관악구,,"6개월) (협의) *모집 절차: 서류 à인터뷰(오프라인) *지원 자격: 프로그래밍 언어 활용 능력: Python, C, C++ 중 1가지 이상 데이터구조, 알고리즘 과목 이수 머신러닝과 딥러닝의 기본 개념 이해 머신러닝..."
41ea54433e19de67,소프트웨어/머신러닝 엔지니어 및 Bioinformatics and Proteomics Researcher,서울 강남구,"연봉 40,000,000원 - 120,000,000원","전문가들과 단백질체학관련 공동연구 진행자격요건- 프로그래밍 언어에 대한 높은 이해도를 가지신 분, 특히 Python- AWS, Azure, GCP 등 Cloud 기반 환경에서 개발 경험이 있으신 분- Data pipeline..."
c19a535518b1512c,[경력직 ] 리서치본부 인덱스개발팀,서울 영등포구,,숙자 인터넷·IT·통신·모바일·게임>데이터베이스·DBA>DBA|인터넷·IT·통신·모바일·게임>응용프로그래머> Python|인터넷·IT·통신·모바일·게임>소프트웨어·하드웨어>소프트웨어|인터넷·IT·통신·모바일·게임>전산·IT기술...
e7c8c2b11f24fb43,Software Engineer,서울,,"languages, including... limited to: C++, Java, C and Python. Excellent written and verbal communication skills. About..."
bb3dd73bc58c31af,[진행중] 우리은행 빅데이터사업부 전문직(데이터사이언티스트-분석) 채용공고,서울 회현동,,"공학)/수학/통계 관련 전공자 - 금융 분야 또는 B2C 서비스, 플랫폼 운영/기획 경험 보유자 - Python/R/Java 등 분석 및 프로그래밍 언어 사용 경험자 - 은행 등 금융권 데이터 기획/운영/PM 관련..."
74e9e085e30343c3,SW개발 채용(9월),서울,,"관련 기술 보유 - C/C++, Python 가능, Verilog-HDL... 대한 이해 - tensorflow 또는 pytorch, python 개발 경험 우대사항 - python기반 ML라이브러리(Scikit-learn..."
441d45a99d2ff14d,"[데이터 분석가, 데이터 사이언티스트 (신입/경력)]",서울 성동구,,"Data 분석관련 알고리즘에 대한 이해를 바탕으로 실Data 기반 분석 경험 및 분석가능 능력ㆍSQL, Python 등의 통계 및 분석 능력ㆍ적극적이고 긍정적인 마인드를 가지신 분 인터넷·IT·통신·모바일·게임>빅데이터..."
1874aaee481880be,클라우드 오퍼레이션 엔지니어,성남 판교역,,"Linux, Windows Server 트러블 슈팅 숙련자 - 2년 이상의 개발 경험자(PHP, Python 등) - 아래 기술 분야중 1개 이상의 풍부한 지식 및 운영 경험 보유자 (ElasticSearch..."
f54bac6c78fd3240,코딩에 빠진 수퍼 개발자 (펌웨어 개발),성남 수정구,,"학력무관직무기술: 펌웨어(Firmware), Embedded System S/W 개발(판교) c/c++, Python 3 명 근무조건 고용형태: 정규직근무부서: 개발팀급여조건: 연봉 협의 후 결정 전형단계 및 제출서류 전형단..."
4c954b7900653d78,각 부문별,대한민국,,"계학, 수학 및 경상계열 전공자 - 프로그래밍 가능자(MSOffice/ Python/SQL 등) - 금융관련 자격증 보유자 - 금융기관 관련업무 유경험... 가능자 (C/C++, VBA, Python 등) 4. 관련 업무 유경험자..."
d17da0baecf05910,데이터 분야 경력,서울,,"해가 뛰어난 자 - R, Python, SAS, SQL 등 활용 역량 우대사항(해당 내용 중 1개 이상) - ML/DL 경험 인력 우대 - 관련 분야 석사 이상 학위 소지자 우대 - R, Python등 데이터분석 모델링 경험..."
e72d21cb674081a8,Python 웹개발자,서울 중구,,"지원자격 경력 경력 (5년이상) 학력 학력무관 성별 무관 기타 담당업무 Python 웹개발자 채용 커리어 양식 지원 상세모집요강 접수기간/방법 시작... 직종) 웹프로그래머웹프로그래머, Python 응용프로그래머전산전공 HTML..."
216ecb2e2e37dd0d,[KSTEC] 통계/Analytics 신입 및 경력사원,성남 분당구,,"지능화 (의사결정 자동화) 시스템 개발 (SPSS, SAS, R, Python, Java 기반)2. 기업용 데이터과학 & 인공지능 플랫폼 솔루션3... 게임>빅데이터·AI(인공지능)> Python|인터넷·IT·통신·모바일·게임..."
95fcfab87b9906bd,Job Posting Title Deep Learning Researcher,서울,,"network 등) Deep Learning 방법론에 대한 데모 프로그램 제작 및 제품화 코드 작성( Python / C++) 다양한 종류의 제조업 이미지 데이터에 대한 탐색, 분석 및 전처리 모듈 구현 최신 Deep..."
25725b3c0e607311,Junior Quant Trader,서울,,background is a plus Programming capability is mandatory (i.e. Python) Understanding of machine learning algorithm is a plus...
109c5533ffdaaa84,[DB금융투자] 2021년 하반기 신입사원 모집,서울 대치동,,"개선, 신규 서비스 기획 등 프로젝트 진행 전공 제한없음 ※ JAVA, Objective-C/Swift, Python 등 기술보유자 우대... 금융관련 자격증 보유자 우대 ※ 영어 능통자 우대 0명 서울 (여의도..."
3330430ae94277db,[타다]데이터 분석가/사이언티스트,제주도 제주,,"통계에 대한 지식 및 머신러닝에 대한 지식을 보유하고 있으며, 데이터 분석 실무 경험이 풍부하신 분 R, Python(Pandas, Numpy, Scikit-learn) 등의 데이터 분석을 위한 언어를 1개 이상 능숙하게..."
edb86174fbe42b0b,[Tridge] Junior Software Engineer - Backend (신입/경력),서울 서초구,,모바일·게임>웹프로그래머>JAVA|인터넷·IT·통신·모바일·게임>웹프로그래머> Python|인터넷·IT·통신·모바일·게임>응용프로그래머> Python|인터넷·IT·통신·모바일·게임>응용프로그래머>자바스크립트|인터넷·IT·통신...
87309d3ff40ead61,딥러닝 AI 개발 연구원,성남 수정구,,시스템프로그래머>임베디드(Embedded)|인터넷·IT·통신·모바일·게임>응용프로그래머>C·C++|인터넷·IT·통신·모바일·게임>응용프로그래머>Linux|인터넷·IT·통신·모바일·게임>빅데이터·AI(인공지능)> Python
04d685fc70b67d4e,Linux/Python/PHP/MySQL/백엔드 정규직 경력,용인 보정동,,"보유 - DBMS(MySQL or MariaDB), scripting Language: bash, python, OOP 언어 중 가능자 - Back-End 서버를 개발해 보신 분 [우대사항] - Go(aka GoLang..."
049e047740085644,분당 kt 전산 프로그램 개발/운영 인력,성남 분당구,,수 있습니다. 인터넷·IT·통신·모바일·게임>웹프로그래머>JAVA|인터넷·IT·통신·모바일·게임>웹프로그래머> Python|인터넷·IT·통신·모바일·게임>웹프로그래머>JSP|인터넷·IT·통신·모바일·게임>데이터베이스·DBA...
e3677156508f8557,[대형증권사] 파생퀀트,서울 강남구,,통신·모바일·게임>웹프로그래머>JAVA|인터넷·IT·통신·모바일·게임>웹프로그래머>프론트엔드|인터넷·IT·통신·모바일·게임>웹프로그래머> Python|인터넷·IT·통신·모바일·게임>웹프로그래머>HTML·DHTML·mHTML
eed6320f18f50dbe,퀀트운용본부 운용역(경력직) (연장),대한민국,,"펀드 유형 무관) - 금융관련 자격증(CFA 등) 보유자 우대 - 영어능통자 우대 - Excel VBA, Python 등 프로그래밍 가능자 우대 4. 근무조건 : 연봉 등 근무조건은 협의 후 결정 5. 채용절차 - 1차..."
8c32b5db8ab28c7d,"[광고 추천] 데이터 과학자, 기계학습(머신러닝) 전문가 모집",성남 판교역,,"학습(머신러닝), 딥러닝에 관한 지식과 경험이 풍부한 분 하나 이상의 프로그래밍 언어에 능통한 분 (예, Python, R, Java, Scala, C/C++, Golang 등) 단, 주니어는 기계학습 기초 지식과 개발 역량..."
abbb8df34c660e0a,"빅데이터, (AI)인공지능 외 신입/경력 인턴 (정규직전환)",서울 금천구,,인공지능)>인공지능(AI)|인터넷·IT·통신·모바일·게임>빅데이터·AI(인공지능)>데이터분석|인터넷·IT·통신·모바일·게임>빅데이터·AI(인공지능)> Python|인터넷·IT·통신·모바일·게임>빅데이터·AI(인공지능)>딥러닝
5ea9ea023c6ccc03,"S/W 엔지니어, 데이터분석 신입/경력 정규직, 인턴",성남 분당구,,"케이션 제작 및 유지보수 업무- Python, Golang, QT 중 선택... 2. 시스템프로그래머- Python, Golang, QT 중 선택 가능3. 영상데이터 분석 및 모델링- python기반 영상데이터 분석 및 모델링..."
6afaaaedd684f701,Software Engineers (AvionX),서울,,"more than 1+ software languages (e.g. C, C++, C#, Java, Python, Java script, model based engineering and so on) Proper..."
7cb5c3076d1701db,"Field Applications Engineer, Audio",서울,,"High level or detailed knowledge of SOC design. C/C++, python coding skills. Knowledge of music, audio/video production..."
95ce33570f8a15ea,데이터분석 전문인력 채용 (Data Scientist),서울,,대산 1:1 문의하기 응시 자격 1) 수학/통계학 관련 전공 석사학위 이상 2) 해당 업무 보유경력 5년 미만 3) Python 또는 R 등 분석언어 사용 가능 4) 비즈니스 문제해결 역량 보유 (Data gathering...
68f37bab5cb9b4ea,연구소 개발부문 연구원 직원 (MCU 계측제어설계/머신비전/이미지프로세싱),경기도 광명,"연봉 42,000,000원 - 46,000,000원","프로그래밍 가능자 우대S/W 설계 부문 : - OPEN CV, TENSORFLOW, YOLO, CUDA/ Python, C++, C WindowsGUL APL, MFC Lib 활용 가능자. 머신비전/ 영상처리 개발자* 전기..."
92125931704a6cfe,Support Engineer,서울,,"developing with Chatbot, Linux, Apache, Java, Node, Python, PHP, or Ruby - Knowledge and experiences of cloud services (Azure..."
3ac1432a9c74c653,Field Application Engineer,경기도 용인,,"troubleshooting. Preferably to have coding capability (Matlab, Python...etc... data analysis, visualization, and algorithm..."
0cd67da9fe5b3529,(주)아크 응용프로그램개발(IOS앱개발&Windows외 1개 부문),전주 완산구,,"Android (Java or Kotlin), iOS 경험자 4. 서버 개발 경험자 (nodejs or python) 5. Slack 경험자 6. Notion 경험자 인터넷·IT·통신·모바일·게임>웹프로그래머>웹개발|인터넷..."
29faa893f345e036,GEDP,경기도 성남,,using C programming language Scripting languages like Lua/ Python/JavaScript may also be used if needed Support connected...
89f3e10d77a126bf,Field Service Engineer,경기도 용인,,"troubleshooting. Preferably to have coding capability (Matlab, Python...etc... data analysis, visualization, and algorithm..."
be6c1f03fa566f8e,추천 시스템 연구/개발,성남 판교역,,"분야 석사 또는 박사 학위 소지자 적어도 하나 이상의 능숙한 프로그래밍 언어가 있으신 분 우대사항 Python, C++, GPU 프로그래밍 숙련자 TensorFlow, PyTorch, implicit 등 머신러닝/추천..."
07375dc4e800dfa9,추천 시스템 소프트웨어 엔지니어,성남 판교역,,"관련 업무 경험자 우대사항 운영체제, 네트워크, 컴파일러, 데이터베이스에 대한 이해가 깊으신 분 Python, C++, GPU 프로그래밍 숙련자 대용량/실시간 서비스 개발/운영 경험이 많으신 분 ICPC/TopCoder..."
aac8e9355cb855ac,[인재풀] 아티스트,서울,,Maya or 3D Max등의 아트웍 툴 사용 경험 Max script 또는 Mel Script의 사용 경험 C# 또는 Python 언어에 대한 이해 및 활용 능력 아트웍 관련 툴 제작 또는 플러그인 제작 경험
79304a56b5a6379b,Business Analyst,대한민국,,"engineering related research. • Broad working knowledge of Python, Excel (inc. automation skills), Relational DBs, SQL..."
9ee9e8034fa770a4,"스마트팩토리, 검사 자동화/검사AI 분야 경력사원",경기도 평택,,"C++,Labview, R, Python 등 ) - AI 관련학과 전공 및 검사공정 AI 경력 3년이상 보유자 (딥러닝 모델설계/학습/배포, 딥러닝 성능 개선 ) - Python 언어와 딥러닝 프레임워크 (Tensorflow..."
1e8d7931d406d58a,솔브레인 ICT부문,경기도 성남,,"로그래밍( Python, JAVA 등)에 대한 기초지식 필요 - 4년제 대졸이상 > 우대사항 - 디지털 솔루션 구축 / 운영 (RPA, AI 등) 가능자 - 응용 프로그램 설계 / 개발 / 운영 ( Python, JAVA..."
c6d7988f98427549,IT부분 신입 및 경력,서울 중구,,"및 운영 경험자 - Java 및 Python, Node.js(백엔드) 등... 게임>웹프로그래머>백엔드|인터넷·IT·통신·모바일·게임>웹프로그래머> Python|인터넷·IT·통신·모바일·게임>웹프로그래머>JAVA|인터넷·IT·통신..."
34f22fafb415ec3c,Data Analyst,서울 영등포구,,"가지신 분 Business Intelligence 시스템 및 비즈니스 리포팅 툴의 활용 능력 프로그래밍 언어( Python/R, etc)를 활용하여 데이터 분석이 가능하신 분 더 나은 데이터 기반 서비스를 만들기 위해 동료들과..."
44f16e94e3e6b589,"Staff Software Engineer, Maps & Navigation, Seoul, Korea",서울,,"industry Fluency in English Proficient in one of C++, Python Experience writing and shipping customer-facing code High..."
f6880357422fc8ad,Graduate Energy Storage Engineer,대한민국,,"Homer Grid, DigSilent PowerFactory, PSS®E, MATLAB/Simulink, Python. Self-motivated with an aspiration to develop a successful..."
8d6d0801168d713e,대기업 Data Scientist 데이터 분석가 경력직 (판교),성남 분당구,"연봉 60,000,000원 - 70,000,000원","Reduce, Hadoop, Spark, Gurobi 등) 경험- Python, Pytorch 등 딥러닝 프레임워크 이해 및 개발 경험 [우대사항... 게임>빅데이터·AI(인공지능)> Python|인터넷·IT·통신·모바일·게임..."
3b0b25d7cdb97839,TikTok Content Strategy Manager,서울,,"skills in data analysis, being familiar with SQL, Python and other data processing tools is preferred. 3. Strong logical mind..."
7b2496c8a71f02f2,광고데이터플랫폼 개발자 모집,성남 판교역,,"무와 데이터 파이프라인 시스템 설계/구축/관리 업무를 수행하게 됩니다. 지원자격 개발 경력 3년 이상 Python, Java, Kotlin, Scala 중 하나 이상의 언어에 능통 SQL 또는 HiveQL에 능통 대용량..."
a98eb9cf76d8f726,"웹프로그래머/Python/SQL DB/WebRTC/CSS,PHP etc 신입/경력 정규직",수원 영통구,,"연구빅데이터분석 및 AI개발 Python , WebRTC 프로그램개발현장... 및 AI개발, Python / WebRTC프로그램개발[우대사항]전공계열: 공학계열자격증: Python, Python 교육이수자, 빅데이터, 스마트공장..."
27055e84f80bafd2,AI개발자,서울 강남구,"연봉 35,000,000원 - 40,000,000원",인터넷·IT·통신·모바일·게임>응용프로그래머>머신러닝(ML)|인터넷·IT·통신·모바일·게임>응용프로그래머> Python|인터넷·IT·통신·모바일·게임>ERP·시스템분석·설계>인공지능(AI)서비스기획|인터넷·IT·통신·모바일...
c1cfb50233a6c657,(주)쎄미시스코 소프트웨어 및 머신러닝 개발자 신입/경력,수원 권선구,,"기술 보유자 - 영상처리 기술 보유자 - 프로그래밍 능숙자 (C++, Python, Tensorflow, Mxnet 등) 인터넷·IT·통신·모바일... 통신·모바일·게임>웹프로그래머> Python|인터넷·IT·통신·모바일·게임..."
2ba9d984a21e03b1,[전문연구요원] R&D 부문 개발자 병역특례,서울 금천구,,"Data Analysis (R, SQL 등의 활용 능력 우대)3) Python Application 관련 개발 업무 (코딩 또는 문제해결) 4) ML... 게임>빅데이터·AI(인공지능)> Python|인터넷·IT·통신·모바일·게임..."
9adbc290202846e1,[아이브릭스] 기업부설연구소 전문연구요원,성남 분당구,,모바일·게임>응용프로그래머>JAVA|인터넷·IT·통신·모바일·게임>응용프로그래머>자바스크립트|인터넷·IT·통신·모바일·게임>빅데이터·AI(인공지능)>머신러닝|인터넷·IT·통신·모바일·게임>빅데이터·AI(인공지능)> Python
faf40c2fe865ee5a,데이터분석 전문인력 채용,서산 대산읍,,1:1 문의하기 응시 자격 1) 수학/통계학 관련 전공 석사학위 이상 2) 해당 업무 보유경력 5년 미만 3) Python 또는 R 등 분석언어 사용 가능 4) 비즈니스 문제해결 역량 보유 (Data gathering...
8d42055a8ac834f6,인공지능(AI) 딥러닝 연구 개발자,서울 마포구,"연봉 30,000,000원 - 35,000,000원","초지식 및 경험자3. Python 및 Tensorflow, Pytorch, linux 사용 경험자4. Numpy, Pandas, librosa, ffmpeg, Dlib, OpenCV (for Python) 관련 경험 존재 5..."
c8f4783faff92438,[㈜삼표]Digital Innovation부문 모집,서울 수송동,,"개발 [] ㆍ대졸 / 컴퓨터공학 석사 ㆍ오픈소스 머신러닝/딥러닝 빅데이터 분석 소프트웨어 지식보유자 ㆍ Python, Delphi 등 프로그래밍 언어 사용 가능자 ㆍMSSQL, MYSQL 등 관계형 Database 사용가..."
41096fb3c2ba02dc,ETF전략운용팀/상품관리팀/ESG경영기획팀,대한민국,,"유경험자 우대 - 자산운용사 및 증권사 ETF 관련업무 유경험자 우대 - 프로그래밍 가능 인력(SQL, Python) 우대 2) 상품관리팀, ESG경영기획팀 및 공통 - MS Office 능통자 우대 - 외국어능력 우수자..."
a0bc80a2fcbbc8a3,시스템 개발 신입사원 모집,대한민국,,"이며, 적극적인 사고방식을 갖고 계신 분 · java, spring framework, javascript, python 개발역량을 보유하신 분 · RDBMS(Sybase, PostgreSQL, Oracle 등) 관련 지식을..."
069eb8ccfb874d6f,[연계 무료교육] 미라콤 협력회사 연계 IT 아카데미,서울 강남구,,게임>웹프로그래머>JAVA|인터넷·IT·통신·모바일·게임>웹프로그래머> Python|인터넷·IT·통신·모바일·게임>웹프로그래머>JSP|인터넷·IT·통신... 게임>빅데이터·AI(인공지능)> Python|인터넷·IT·통신·모바일·게임...
a10596f04f50cff4,(주)아이옵스 항공우주분야,대전 유성구,,궤도역학[우대사항]ㆍ정보처리기사 등 관련 자격증 소지자 ㆍ인공위성 궤도분석 및 비행역학 유경험자ㆍC/C++/ Python 활용 가능자ㆍ영어 가능자 0 명 근무조건 고용형태 : 정규직(수습기간3개월)급여조건 : 급여 협의근무지역...
0678ac52e4aa4f11,2021년 하반기 정보보안 엔지니어 - 취약점 파트,서울 금천구,,"10에 대한 설명과 구현/조치 가능 - 국내 컴플라이언스 대응 경험 (주요정보통신기반시설 가이드 등) - Python 활용자 - Kali 및 Metasploit 경험자- 군필자, 경력자, 관련 학과 졸업자 우대 * 자격요건과..."
466547f7a5577282,자유롭게 소통하며 함께 일할 IT/SW 개발팀 정규직,경상북도 경산,,"AWS, 네이버 클라우드 등)을 활용한 설계, 개발, 운용 경험 - Python을 이용한 데이터 처리 및 AI 개발 경험 - OpenCV를 이용한... 용한 설계, 개발, 운용 경험- Python을 이용한 데이터 처리 및 AI..."
a412d2ba7044dfb3,[취업연계/무료교육] 스마트자동화 전문가 양성과정 교육생,서울,,게임>빅데이터·AI(인공지능)> Python|인터넷·IT·통신·모바일·게임... 응용프로그래머> Python|인터넷·IT·통신·모바일·게임>웹프로그래머>JAVA|인터넷·IT·통신·모바일·게임>웹프로그래머> Python|전자·기계·기술...
510ef436177b9ed9,[유연근무] 유전체 빅데이터 사이언티스트 및 의료영상 빅데이터 엔지니어,대한민국,,"연령 : 무관 - 빅데이터, 인공지능 기반 연구수행 능력 - Python, R 프로그래밍 언어 - 연구과제 기획서, 보고서 및 관련 논문 작성... 지능 기반 연구수행 능력 - Python, R 프로그래밍 언어 - 연구..."
3d4fe04d0d70305e,Expat: Experimental Physicist / Engineer for Electron Optics...,경기도 화성,,Experience in using office programs and Unix (Linux) Python and Jira experience is preferred. Deliberate and organized work...
92bdf080c3c7a9bc,소프트웨어 개발자,포항 남구,,"서버 백엔드 개발 (AI, Big Data 우대)- 사용언어: C++, C#, Java, Node,js, Python등다. 처우 및 복지 (1) 고용 형태: 수습기간 3개월 후 정규직 채용 결정 (2) 급여 - 수습기간 중..."
17cb170cfefd8348,Support Escalation Engineer,서울,,"debugging experience (C/C++/C#, Python, Node.JS, etc.) Azure Application... experience (C/C++/C#, Python, Java, Node..."
55c4f7d2e414e43f,케이프투자증권 시장조성팀전제형 인턴 (~9/22),대한민국,,"Pricing, ETF LP 및 Delta One Trading 업무에 관심이 있으신 분 - 이공계열, 경제 또는 금융 전공 - 프로그래밍 유경험자 (C/C++, Java, Python, VBA등을 활용한 프로젝트 경험)"
a0dda478567db352,"(주)트윔 개발자(경력직) 빅데이터,영상처리,머신비전/AI 딥러닝",경기도 화성,,"자기주도적으로 진행한 경험 - Python/C/C++ 능통자 - 데이터... RNN 등 딥러닝 이론 및 알고리즘 유경험자 - C/C++, Java, Python/TensorFlow/Caffe 사용가능자 - Matlab/R 분석..."
b376351fcbd1750e,자동차 전장 ASDL-Security SW 전문가,서울특별시,,방식에 대한 이해 - Linux 사용 경험 보유 (1년 이상) - Shell Scripting 제작 또는 Python Programming 경험 우대사항 - SDL (Security Development Lifecycle...
05aa5498d84c58e1,데이터 엔지니어(신입/경력),제주도 제주,,"경험이 있는 분 데이터 분석팀 및 유관 부서와의 원활한 소통을 위한 기본적인 쿼리 작성 능력을 갖춘 분 Python 또는 Java, Scala, C++, C# 등의 언어를 최소 1개 이상 능숙하게 사용할 수 있는 분 대용량..."
d193999bb6d038d4,Analog Design Engineer,서울,,"Modeling of solutions using tools... Python, Matlab, Simulink, and Spectre AMS... tools... Python, Matlab, Simulink..."
0012bdf291942c52,(주)아이옵스 SAR 위성영상활용 신입/경력,대전 유성구,,"경험자[우대사항]ㆍ관련 학과 전공자ㆍSAR 영상처리 관련 과제 수행 경험자 ㆍ관련 프로그램 (Marlab, Python, C/C++등) 사용 가능자 0 명 근무조건 고용형태: 정규직급여조건: 회사내규에 따름근무지역: (305..."
d4c94aa1d7e84908,금융 데이터 분석 및 모델 개발,대한민국,,"지원 가능) 우대사항 ㆍ통계 분석 알고리즘 이해 및 활용 능력 보유 ㆍ데이터분석/모델링을 위한 언어(R/ Python 등) 활용 경험 ㆍ금융관련 자걱증 소지자(CFA, FRM, 투자자산운용사 등) ㆍIT 관련 자격증 소지자..."
b1376913a965e740,Deep Learning SW Engineer - Embedded-AI-Framework,서울,,related field. - Proficiency in C/C++ programming. - Python programming. - Basic knowledge of machine learning and deep...
6f4889537af98046,데이터 사이언티스트 및 엔지니어,성남 판교역,,"및 데이터 분석 관련 언어(R, Python, SQL 등)의 능숙한 활용... Hadoop 에코 시스템을 통한 데이터 처리 플랫폼 개발 가능 - Python, Java, SQL 활용 능숙 - 오픈소스 학습 및 활용 역량..."
d3d33eafc5f2c0ac,데이터인사이트팀 Data scientist 직무 경력직,서울특별시,,"설계 / 검증 - 관련 직무 경력 5년 이상 ㆍ역량 요건 - 데이터마이닝 및 분석 기술/SQ,L, R, Python 등 활용 능력 보유 - AI / ML 이해 및 관련 라이브러리 활용, 알고리즘 개발 역량 보유 - Big..."
99613e4077d44a10,[Manta] 데이터분석가 (제품),서울,,"데이터에 기반한 사고 능력 통계 기본 지식 및 모델링에 대한 이해와 활용 가능 데이터 처리 언어 (R, Python, Scala) 사용 경험 우대사항 웹툰 및 디지털 콘텐츠 회사에서 일한 경험이 있거나, 콘텐츠업에 대한..."
7fdcd7a7457b1e93,데이터 분석,경기도 성남,,"의 서비스 이용/소비형태/이상현상과 트렌드 변화가 궁금하신 분 - B2C서비스 데이터 분석 직군에서 데이터 핸들링 경험이 있으신 분 - SQL,Excel,R, Python 등을 이용하여 데이터 추출 또는 분석이 가능하신 분"
c4145dce440c02f8,[전문연구요원 신규편입/전직] SW Engineer/Backend/Frontend 개발자,서울 서초구,,백엔드|인터넷·IT·통신·모바일·게임>웹프로그래머>프론트엔드|인터넷·IT·통신·모바일·게임>웹프로그래머> Python|인터넷·IT·통신·모바일·게임>응용프로그래머>Linux|인터넷·IT·통신·모바일·게임>응용프로그래머>인공지능...
55a8d890f1dc7882,[서울 본사] SW 개발 정규직,서울 구로구,"연봉 22,000,000원 - 30,000,000원","직무내용] 주업무1. 소프트웨어 개발(java, python, C++, Android, C#, IOS, PHP, ASP 등)- 연구개발 과제 프로그램 개발- 지역과제 프로그램 개발 [근무시간 및 형태] 주 5일 근무 (오전..."
5fc53d8ce25c05f7,IT 개발 총 책임자,서울 성동구,"연봉 90,000,000원 - 100,000,000원",스템접수양식: 인크루트 이력서 기타 유의사항 입사지원서 및 제출서류에 허위사실이 있을 경우 채용이 취소될 수 있습니다. 인터넷·IT·통신·모바일·게임>웹프로그래머>웹개발|인터넷·IT·통신·모바일·게임>웹프로그래머> Python
6a68b4e0dc19995e,SoC ASIC 설계 엔지니어 (딥러닝 하드웨어 프로세서 개발),성남 분당구,"연봉 40,000,000원 - 100,000,000원","및 Synthesis) - Linux, shell, tcl, python, perl 사용 원활 - Clock domain Crossing에 대한 깊은... Linux, shell, tcl, python, perl 사용 원활..."
2f56d4b70c1df086,하반기 인턴직 모집,서울 을지로2가,,"지니어 (IT 인프라 관리/운영) 서버, 네트워크 Bash, Java, Python ① 학력 : 초대졸 이상 (2020년 2월 이후 졸업/졸업예정... JavaScript, VC++, Python) 한솔 PNS IT 부문..."
d2ec77080face34b,딥러닝 영상처리 소프트웨어 개발자,강원도 춘천,,"이해 - C++ , Python 프로그래밍 가능 - Competition... 요건]- 컴퓨터비전 및 딥러닝 이론에 대한 전반적인 이해- C++ , Python 프로그래밍 가능경력사항: 신입, 경력(연차무관)학력사항: 대학교(4..."
da62515eb34b0e4a,[반도체IP 전문기업] Video Codec HW 개발자,서울 강남구,,video codec • Python/Perl 사용 가능자... image signal processing- video codec • Python/Perl 사용 가능자• SystemVerilog를 사용한 test...
c2a00f5e6201cec9,System Memory Validation Engineer,서울,,"DRAM memories 5 years experience in C/C+ programming, Python, Memory Reference Code (MRC... BIOS 5 years experience..."
1781dac14c86bc71,[기업부설연구소] SW 개발 정규직,경상북도 구미,"연봉 22,000,000원 - 30,000,000원","직무내용] 주업무1. 소프트웨어 개발(java, python, C++, Android, C#, IOS, PHP, ASP 등)- 연구개발 과제 프로그램 개발- 지역과제 프로그램 개발 [근무시간 및 형태] 주 5일 근무 (오전..."
b872ce19d0d0b322,"[대구] 뷰티테크 기업 웹,앱 개발자",대구 동구,"연봉 35,000,000원 - 40,000,000원",백엔드 개발프론트엔드 개발Android 앱 개발iOS 앱 개발Windows 앱 개발 [백엔드 개발]- Python 기반의 알고리즘 개발- PHP 기반의 API 개발- 데이터베이스 설계 및 유지보수[프론트엔드 개발]- PHP...
1e8539a3b6e3380d,[현장코칭](주)대연씨앤아이 웹솔루션 개발 사원 (JAVA/Python),서울 구로구,,"[WEB 개발자] - 컴퓨터, 전산, 시스템공학, 응용소프트웨어고학, 기타 공학, 수학, 통계학 관련 전공 우대 - 정보처리기사, 정보통신기술자경력수첩(초급) 우대 - 이클립스 개발툴 사용 가능자 우대 - 차트 라이브러리..."
649ccf047c868778,"금융 데이터 분석 엔진, 로보어드바이저 개발자",서울 영등포구,,"시스템, 머신러닝, 자연어처리. 패턴분석 - 다음 언어에서 최소 한 가지 이상 능숙자: Java, C++, Python, JavaScript 우대사항 - 석사이상 컴퓨터공학 (Computer Science) 분야 또는..."
b2eb1fe78ff9ee5f,[대기업] 데이터분석가 경력 (대리~과장급 2명),서울,,"경력5년 이상-통계분석과 Machine Learning알고리즘에 대한 기본지식 보유-SQL, SAS, R, Python 중2개 이상의 분석도구에 대한 기본 이해-현상에 대한 문제인식과 적극적인 문제해결의지-통계적 수치에 대한..."
7059f60f4bbb2f92,Senior Software Verification Engineer,대한민국,,automation programs and scripts using programming language ( Python) Why Join Us? Dialog Semiconductor is a world-leading...
0c36491d059563bd,대기업 시큐리티 카메라 SoC 개발자 (판교),서울,"연봉 60,000,000원 - 70,000,000원","VHDL RTL 설계- System-Verilog 및 UVM 설계- Python, C/C++ 가능- Timing report 분석 가능(DC,PT... 게임>빅데이터·AI(인공지능)> Python|인터넷·IT·통신·모바일·게임..."
3913c6a1379716ab,버즈앤비(주) 소프트웨어 엔지니어,성남 분당구,,로그래머>백엔드|인터넷·IT·통신·모바일·게임>웹프로그래머>프론트엔드|인터넷·IT·통신·모바일·게임>웹프로그래머> Python|인터넷·IT·통신·모바일·게임>웹프로그래머>ASP.NET|인터넷·IT·통신·모바일·게임>웹프로그래머...
3adb1c6b9b6f5ba1,Diploma Student / Intern - HANA Cloud Development and Operat...,서울특별시,,"skills: Proficiency in Linux Coding skills in Scala, Java, Python or similar Understand docker containers and Kubernetes..."
69489be0e6fa6543,Principal Software Engineer - HSV,경기도,,"skill in Python, are interested... joining our R&D team. Required skills: Python – 2+ years hands-on experience Linux..."
443e2193082b024a,키워드 검색 품질관리 어시스턴트 영입,서울 영등포구,,"및 해외주식 투자 1년 이상 경험해 보신 분- json 데이터 가공, python을 통해 데이터 핸들링 및 기초 분석 가능한 분◆ 우대사항- 모의투자... 게임>빅데이터·AI(인공지능)> Python|인터넷·IT·통신·모바일·게임..."
2b7c67c7f1fe78ff,"PI&CS Engineer (전장계측 엔지니어, Process Information & Control Sol...",전라남도,,"language like C#, Python, Java, Java... Bradley 및 Siemens 제어 시스템 및 하드웨어 경험 C#, Python, Java, Java script(one or more) 등..."
c35e9b72a11aa338,[신입/경력] 의료영상/음성인식/생체신호 연구원,서울 서초구,,게임>빅데이터·AI(인공지능)>인공지능(AI)|인터넷·IT·통신·모바일·게임>빅데이터·AI(인공지능)>딥러닝|인터넷·IT·통신·모바일·게임>응용프로그래머>C·C++|인터넷·IT·통신·모바일·게임>응용프로그래머> Python
c71c1fa9e0d43937,악성코드 및 엔드포인트 위협 대응 보안 엔지니어 모집,성남 판교역,,"발견하고 개선하고자 하는 능동적인 성격 우대사항 API 활용 SOAR 구성 node.js 프레임워크 경험자 Python/Linux shell script 중급 이상 가능자 필독사항 ※ 카카오 테크 직군의 경우, 개발..."
9d22a44df3595182,Data Analyst,서울,,"developing complex Python, SQL queries... reinforcement learning using Python GBSskills_Korea Required Technical..."
45e8a16618f4f812,[신입/경력] 프로그램개발/품질보증/연구직,부산 강서구,,인터넷·IT·통신·모바일·게임>웹프로그래머>웹개발|인터넷·IT·통신·모바일·게임>웹프로그래머> Python|인터넷·IT·통신·모바일·게임>전산·IT기술지원>IT기술지원|생산·정비·기능·노무>품질관리>품질보증|전자·기계·기술...
8c8c96a3ffac77f8,데이터 엔지니어 경력 정규직,서울 중구,"연봉 60,000,000원 - 70,000,000원","Redshift, Snowflake 등) 설계, 개발, 운영 경험• Python/R/dbt, Kafka/Airflow 등을 사용하여 데이터 전처리를... 게임>빅데이터·AI(인공지능)> Python|인터넷·IT·통신·모바일·게임..."
bfa15ae6228f1449,AI/DX 대기업계열사,서울특별시,,"12년 이상 보유자 우대) - 오픈소스 기반 머신러닝/딥러닝 기술 개발 경험자 - 프로그래밍 스킬 보유자( python, java, C/C++, tensorflow, pytorch) - 데이터/언어/영상 관련 분야 전공자와 석..."
e03c3db92d5c1291,"백엔드, 웹개발 경력 정규직 - 스타트업/워라밸/수평문화/연봉최대협의",안양 동안구,"연봉 40,000,000원 - 50,000,000원","mindhub.aiJob Description◎ 채용제목백엔드 개발자 채용◎ 자격요건- Node.js 또는 python 개발자- React.js, Vue.js, Flask, Django 중 1가지 경험자- REST-API..."
735e4c90be83e703,마케팅 데이터분석가,서울,,"CRM 마케팅의 최적 의사결정 지원 자격 요건 SQL, R 혹은 Python 을 활용한 플랫폼 데이터 분석 경험 Tableau, Redash를... 통계적 지식을 가지신 분 R, Python 등을 활용한 데이터 분석 경험이..."
7df915e1f0f86b2d,Software Architecture 설계 엔지니어,성남 분당구,"연봉 40,000,000원 - 100,000,000원",경험 - Windows/Linux 상에서 C++/ Python 언어 사용 개발 경험 - C++ / Python 언어 사용 개발 경험 - 객체지향 설계에... 게임>빅데이터·AI(인공지능)> Python|인터넷·IT·통신·모바일·게임...
52cf094dbc69221e,[글로벌컨설팅사] Data Platform,서울,,고객사 맞춤형 R/ Python client package 개발* [Analytics Platform] 다수 사용자를 위한 R/ Python 분석 환경... 통신·모바일·게임>웹프로그래머> Python|인터넷·IT·통신·모바일·게임...
ccd4f5407a32ba6a,Data Scientist,서울,,"analysis a plus, Programming... scripting exp.: eg. Python, C#, VBA, Java, Perl, etc. Experience in applied analytics..."
a779b664eb17fec2,대기업 딥러닝 기반 영상처리 개발자 (판교),서울,"연봉 60,000,000원 - 70,000,000원","Pytorch- Python, C/C++, Docker C/C++/C#... 머신러닝|인터넷·IT·통신·모바일·게임>빅데이터·AI(인공지능)> Python|인터넷·IT·통신·모바일·게임>시스템프로그래머>임베디드(Embedded)"
51d1df9a3cfbe418,(주)엘솔루 R&D본부 ASR팀 개발직,서울,,"제공 [필수사항] ㆍ프로그래밍에 재능 및 열정이 있는 자 ㆍJava, Python 중 하나 이상의 언어사용자 ㆍWeb 개발능력 ㆍ리눅스 사용 경험자... 머신러닝(ML)|인터넷·IT·통신·모바일·게임>응용프로그래머> Python"
8aadf73541b2ec09,스마트팩토리/자동제어 프로그램 개발 및 시운전,경기도 시흥,"연봉 27,000,000원 - 30,000,000원",직무내용] 자바(Java) 기반 Ignition SCADA IIoT Software를 이용하여 파이썬( Python) 언어로 개발 및 시운전.Intouch HMI/SCADA로 자동제어 분야 프로젝트 개발 및 시운전. [근무시간...
5c6fe384fabdbd45,서버 백 엔드 개발자,서울 마포구,,작성되어 있어 이를 PHP기반 Laravel프레임워크로리팩토링 중입니다. 새로운 서비스 개발에는 PHP와 Python등을 활용합니다. 담당업무 - 백엔드 서버 API개발 - Legacy 코드 유지보수 / 리팩토링 - 내부...
9ab2041ab3380a21,카카오톡 안티어뷰징을 위한 데이터/백엔드 엔지니어 및 머신러닝 전문가 모집,성남 판교역,,"Engineer, Data Scientist 해당 분야에서 활용되는 언어 및 도구를 능숙하게 다룰 수 있는 분( Python, Scala, PyMC, PySpark, Tensorflow 등) 우대 사항 컨테이너 환경에서의..."
c80b67aa02a7b226,인공지능연구소 우수인력 초빙 - 연구원 및 연구관리직 -,광주 북구,,"기술 컴퓨터사이언스, 머신러닝, 컴파일러, 자연언어 처리, 네트워킹, 지능형 센서 관련 지식 Python/Java/C++/Web/App/API 프로그래밍, 딥러닝, 자연어처리, TCP/IP 등에 대한 지식 필요기술..."
b093c182a5801112,Executive,서울,,"3년 이상 Programming 경험자 (Visual Baisic, Python등) 우대 통계 프로그램 경험자(SPSS, SAS) 우대 영어회화 가능... 을 이용한 통계분석 VB 또는 Python를 이용한 데이터 관리 마케팅..."
269f9a96319ef19a,머신러닝 엔지니어 모집,성남 판교역,,"델의 성능 검증 및 지속 개선 대규모 로그 데이터 통계 분석을 통한 피쳐 추출 지원자격 #필수사항 Python, Java, C++ 등 언어 중 하나 이상 활용 가능하신 분 TensorFlow/Keras, PyTorch..."
45f9a39bdf645e57,기술혁신센터 경력사원,충청남도 천안,,"OHT 등) 천안 컴퓨터/시스템 전기/전자 기계/산공 *전문지식 - Java, C#, C++, Python - Oracle (PL/SQL) - Automod, VisualComponent - 통신프로그래밍..."
0c8103efd26d466c,데이터센터 운영 도구 개발,성남 판교역,,"User Interface 개발 - 경력 4년 이상 - Linux 환경(LAMP) 경력 3년 이상 - Python, Django, Javascript, PHP 경험 - 다양한 Front-end 프레임 워크 사용 경험..."
62860441de1e2d5f,[Clova] Voice&Avatar 음성합성 및 Avatar 개발 체험형 인턴,서울,,"령화 모델 개발 경험을 보유하고 있는 분 머신러닝을 활용한 서비스 개발 경험을 보유하고 있는 분 C/C++, Python 등 숙련된 개발 능력이 있는 분 전형절차 및 기타사항 1 전형절차 9/15 오후 6시까지 서류 지원..."
aa13332a8009c705,Application Engineer Korea,경기도 화성,,"You are committing to support the team in challenging situations. Python, Office solutions and Linux experience is beneficial..."
d8a8869ab092f731,데이터 엔지니어 및 사이언티스트,성남 판교역,,"등 데이터 엔지니어와 사이언티스트의 업무를 경계 없이 수행하게 됩니다. 지원자격 개발 경력 3년 이상 Python, Scala, Java, C++ 중 하나 이상의 언어에 능통 SQL 또는 HiveQL에 능통 대용량 데이..."
e87d7c452e8a9023,"Academy Engineer, SEMI/ELEC",대한민국,,"least one programming language... C#, C++, python, LabVIEW, etc . Experience in some of common test engineering..."
c5a2d1029018e4ba,Expat: Experimental Physicist Tuning and Monitoring,경기도 화성,,Experience in using office programs and Unix (Linux) Python and Jira experience is preferred. Deliberate and organized work...
ad072f017c286d42,데이터 엔지니어,서울,,"에서의 데이터 파이프라인 구축 및 운영 경험 GA, Tableau 등 외부 분석/시각화 도구에 대한 지식 Python, Java, Scala 중 하나 이상을 이용한 개발 경험 추가 정보 지원 서류 안내 제출서류 : 이력..."
8e403ecb8f2aaedc,R&D Data Analyst,충청남도 천안,,"knowledge and coding experiences in programming languages: VBA, Python - A person with good communication skill, problem..."
3213e7f6252bf9be,GEDP,경기도 성남,,using C programming language Scripting languages like Lua/ Python/JavaScript may also be used if needed Support connected...
28d268343c75d465,[TmaxCloud/기술] QA 담당자,성남 분당구,,"사고자 - 클라우드 서비스에 대한 이해도 보유자 ProLinux QA 담당자 - 신입/경력 무관 - Python 사용 경험자 - 리눅스 및 유닉스 서버에 대한 지식 보유자 - 클라우드, VM, 컨테이너 기술에 대한 이해도..."
1c4f1c0b625f5abd,데이터 사이언티스트 직군 모집,서울 구로구,,"요건 - 관련 분야 경력 3년 이상 - 정형/비정형 데이터 분석 및 모델링 가능 - 통계 분석 도구 (R, Python, Tensorflow 등) 및 SQL 사용 가능 - 다양한 직군의 사람들과 원활한 커뮤니케이션 및 협업..."
dbe3257e487e5814,[AI/Lab] AI 백엔드 엔지니어 (전문연구요원 가능),서울,,"플랫폼 및 시스템 구축 이런 분을 찾습니다 주도적으로 문제를 찾고, 해결할 수 있는 능력을 보유하신 분 Python 사용 경험이 있으신 분 다음 항목 중 두 가지 이상에 해당되는 분 AWS 혹은 GCP와 같은 클라우드 플랫폼..."
a1a89406f38aabeb,Social Media Data Analyst,대한민국,,경력이 있으신 분 주체적으로 도메인 업무를 분석하여 정리하는 데 익숙하신 분 데이터 분석 및 추출을 위한 Python 언어를 사용할 수 있으신 분 긍정적으로 다른 분야의 팀과 작업 및 협업할 수 있으신 분 관계형 DB의 사용...
e92ac0db4b602df4,알고리즘 검사 분야 경력사원,경기도 파주,,"Open Framework(TensorFlow/Pytorch 등) 활용 딥러닝(CNN)모델 개발 경력 2) Python , C/C++ 프로그래밍 숙련자 우대자격 1) Computer Vision 분야 경험 2) Machine..."
fc037709d0770796,System SW 엔지니어,성남 분당구,"연봉 40,000,000원 - 100,000,000원",사항: 대학교(4년)졸업 이상 [기본 요구능력] - ASM/C/C++/ Python 언어 코딩 기술 - 운영체제 SW 설계 및 구현 - 알고리즘/네트워... 게임>빅데이터·AI(인공지능)> Python|인터넷·IT·통신·모바일·게임...
0848c82a5ebb191b,"Engr, Apps Dev 3",경기도 화성,,"working effectively with different cultures. Matlab/ Python experience is a plus. We offer a competitive, family friendly..."
3cf01580ba5eb23a,NLP Researcher,서울,,"Stacks [Back-end] Language: python, golang Python Framework: Django, Bottle [Front... Language: python, golang Python Framework..."
b22821f85bf2eb7e,Operation Buyer(Contractor),충청남도 천안,,"programming languages or statistical software – ex) C++, Python, VBA, R, MATLAB, Minitab, SPC Start a journey towards..."
19b7736d5aa3f7e5,Deep Learning Researcher - Speech Recognition,서울,,experience in machine learning Programming skill in Python or C/C++ Experience in PyTorch (preferred) or TensorFlow...
8248de2f3c41ef06,Data Analyst,경기도 평택,,"3 years of experience. Documented proficiency with R or Python, and SQL to manipulate data and draw insights from large..."
340fa2d2204cf879,"Cloud AI Engineer, Professional Services",서울,,"Experience writing software in one or more languages... Python, Scala, R... similar. Experience building machine..."
e0e37aaebc73dde3,지표구축,경기도 성남,,"대시보드 플랫폼의 활용이 가능하신분 - 새로운 서비스 출시후 모니터링이나 트랜드 확인이 가능하도록 설계나 지원이 가능하신분 - SQL,Excel,R, Python 등을 이용하여 데이터 추출 또는 분석이 가능하신 분"
3b7dbdf85a326a6d,국내 대기업 - AI 및 딥러닝 관련 경력자,서울,,"관련 전문 지식 있는 분 - Python 또는 Scala, JAVA 활용... 레임워크 활용 역량 좋은 분- 자연어처리 관련 전문 지식 있는 분- Python 또는 Scala, JAVA 활용 역량- 미디어/커머스/전자/IT 업계..."
2cfd15907402c5cc,DGIST 제2차 계약직 연구원 채용공고,대구 현풍면,,천원 이내 수행 내용 Machine learning (Deep learning) 알고리즘 개발 Python/Tensorflow 프로그래밍 Matlab/simulink 모의실험 자율주행 자동차 혹은 전문 서비...
28e8827913a5a90b,[서울게임아카데미] 게임개발분야 국기 교육생,서울 종로구,,통신·모바일·게임>웹프로그래머> Python|인터넷·IT·통신·모바일·게임... 로그래머>머신러닝(ML)|인터넷·IT·통신·모바일·게임>응용프로그래머> Python|인터넷·IT·통신·모바일·게임>응용프로그래머>증강현실(AR)|인터넷...
cae2de07045cfb2b,"Java, Python 영상툴 개발자",서울 마곡동,,원하면 가능) 담당업무 - 영상 라벨링 Tool 개발 - Tool 정확성 개선 자격요건 - Java - Python 우대사항 - 관련 개발 경력 - 툴개발 경력 근무조건 - 월~금 AM9:30 ~ PM18:30 복지...
63bd0323ac917d78,[아이콘트롤스] 2020년 경력 직원 (기술연구소) 연구개발부문,성남 분당구,,"자격요건>(필수)- 데이터 엔지니어 경력 3년 이상- 프로그램 개발( Python, Java) 능력 보유- 대용량 데이 인터넷·IT·통신·모바일·게임... 통신·모바일·게임>웹프로그래머> Python|인터넷·IT·통신·모바일·게임..."
dc74730c92ce5050,Data Scientist,서울 영등포구,,"기반 예측, 모델링 프로젝트 경험자 데이터 분석/모델링을 위한 언어 및 프레임워크 사용에 익숙하신 분 ( Python, R, SQL, Pandas, TensorFlow, Pytorch, Spark 등) 회사 내부 구성원들과..."
3320fb43584e636f,빅데이터시스템 운영 엔지니어,서울 서초구,,"eco 활용 경험자• Hive, Hbase, Spark 활용 경험자• 프로그래밍 개발 경험 (Java, Python 등)• Technical architect 수행 경력 0 명 근무조건근무지 : 서울 서초구 효령로 176..."
c7d1f3dd31a40546,[도쿄 근무] 어플리케이션 엔지니어,부천 중동,,"이력서를 등록하지 않으셨다면!! 상세 이력서 등록하기 지원양식 커리어 온라인 이력서 직무/산업 직무별(직종) 웹프로그래머PHP, Python 응용프로그래머C++, Java, Application 산업별(업종) 학교 교육기관"
7dbaa95d22eacd29,"웹개발, 백엔드 외 경력 정규직",울산 남구,"연봉 40,000,000원 - 50,000,000원","경력(4년 이상 ) 학력사항: 대학교(4년)졸업 이상 직무기술: 웹프로그래밍, 응용프로그램개발, JAVA, PYTHON 기타: ㆍ다양한 업무를 신속하게 이해하고 도식화 할 수 있는 분 ㆍ고객의 소리를 듣는 귀가 지혜 있는..."
8401f379f2e285fb,[DB Inc.] 2021년 하반기 신입사원 모집,서울 대치동,,"모집 인원 모집 지역 DB Inc. S/W 엔지니어 어플리케이션 개발 및 운영 (C, JAVA, Python 등) IT기술영업 컴퓨터공학, 정보통신공학, 산업공학 및 IT관련학과 전공자 ( IT관련 경험 보유한..."
f0db02b55ac0f284,A.I 인공지능 개발 경력직,서울 송파구,,파이프트리 스마트팜 A.I 개발 경력직 채용 공고 인터넷·IT·통신·모바일·게임>빅데이터·AI(인공지능)> Python|인터넷·IT·통신·모바일·게임>빅데이터·AI(인공지능)>R|인터넷·IT·통신·모바일·게임>빅데이터·AI...
56add096e14a7879,AI 연구 및 개발 직군 모집,서울 구로구,,"위한 엔지니어링 - 서비스 개발을 위한 클라우드/ Rest-API / 웹서비스 구축 등 자격요건 - Python에 능숙하고 C/C++ , C#등 언어에 대한 활용능력 - 딥러닝 프레임워크 사용 가능 (Pytorch 혹은..."
619fba05d132ccb1,Camera Essential Feature Designer - Camera (QCT),경기도 수원,,debugging tools for multimedia applications (Matlab/ Python etc) · Software verification and validation for approvals testing...
8e14895fed5e9633,Senior Support Engineer - Weekend Warrior,서울,,other database or BI technologies) Hands-on experience with Python... R Working knowledge of various cloud technologies...
2a7e11e1f1d0d822,[웹젠] 게임보안(경력),성남 분당구,,"PC/AOS/IOS 어플리케이션 리버싱 가능한 분 - C/C++/ Python/Java 등 개발 능력을 보유한 분 - 문제점 파악 후, 개선 방안 제시... 리버싱 가능한 분 - C/C++/ Python/Java 등 개발 능력을 보유..."
c8118047a6dc2356,대기업 계열 자동차 전장회사 AI/DX (CTO) 경력사원,서울 강서구,,통신·모바일·게임>빅데이터·AI(인공지능)>빅데이터|인터넷·IT·통신·모바일·게임>빅데이터·AI(인공지능)> Python|인터넷·IT·통신·모바일·게임>빅데이터·AI(인공지능)>머신러닝|인터넷·IT·통신·모바일·게임>빅데이터...
a2b38b230474e622,카카오 전사 QA 모집,성남 판교역,,"협업도구 (JIRA, Github 등)에 대한 경험이 있으신 분 테스트자동화 설계경험자 혹은 스크립트 언어( python, java, javascript 등) 가능자 긍정적인 마인드와 유연한 커뮤니케이션 능력 보유 능동적이고..."
2cea89628083fd37,"[국비지원 전액무료 80명]AI(인공지능),BC(블록체인) 교육생",세종특별자치시 세종,,통신·모바일·게임>빅데이터·AI(인공지능)>데이터분석|인터넷·IT·통신·모바일·게임>빅데이터·AI(인공지능)> Python|인터넷·IT·통신·모바일·게임>빅데이터·AI(인공지능)>머신러닝|인터넷·IT·통신·모바일·게임>빅데이터...
63fe23c48e8befdf,대기업 계열 자동차 전장회사 AI/DX 전문가 (연구위원),서울 강서구,,통신·모바일·게임>빅데이터·AI(인공지능)>빅데이터|인터넷·IT·통신·모바일·게임>빅데이터·AI(인공지능)> Python|인터넷·IT·통신·모바일·게임>빅데이터·AI(인공지능)>머신러닝|인터넷·IT·통신·모바일·게임>빅데이터...
0ff2c43b1e2621a5,PharmCADD 2021년 상반기 R&D센터 연구원 공개,서울 강남구,,통신·모바일·게임>빅데이터·AI(인공지능)>딥러닝|인터넷·IT·통신·모바일·게임>빅데이터·AI(인공지능)> Python|인터넷·IT·통신·모바일·게임>빅데이터·AI(인공지능)>데이터분석|인터넷·IT·통신·모바일·게임>빅데이터...
e2f9799770e14024,에프앤가이드 - 각 부문 (전문연구요원 포함),대한민국,,"이공계열 석사학위 이상 취득(예정)자 - 우대사항 : ㆍ SQL, python, R 개발경험 소유자 디지털금융팀 - 담당업무 : ㆍ마이데이터 및... 문을 이해/구현 가능한 분 ㆍ Python 등의 언어를 이용한 서비스 개발..."
da280e20451ce755,Integration Engineer,서울 강남구,"연봉 40,000,000원 - 50,000,000원","algorithm • (Preferred) Experience of variant script language ( Python, Shell) • (Preferred) Experience of Linux build system..."
aba225f00e2e947a,"경력직 인재(리서치RA,기업금융,신탁운용,법인대체,법인금융,상품감리,연금세무사,영상,대출주선,파생운용,투자심...",서울 여의도,,"초반) - 담당업무 : 시장데이터 관리, 손익산출, 파생상품 부킹 등, 트레이딩 모듈 개발 등 - 기본사항 : Python, C++, C# 등 프로그래밍, 언어 사용 가능자, 파생상품 기본지식 보유 관련 규정상 채용 결격사유..."
1d89fe4b37ab05ed,"데이터마이닝, 빅데이터 큐레이터 외 신입/경력 정규직",서울 강남구,,"있거나 이에 준하는 실질적인 기술 경력 -데이터를 다루기 위한 Python 혹은 R 등의 프로그래밍 능력 -SQL의 사용 능력 -데이터를 다루기 위한 Python, R, Java 중 1개의 프로그래밍 능력 -대용량 데이터..."
40de6a4b81f8724f,[전문연구요원 신규편입/전직] 의료영상/음성인식/생체신호 연구원,서울 서초구,,인공지능)>텍스트마이닝|인터넷·IT·통신·모바일·게임>빅데이터·AI(인공지능)>인공지능(AI)|인터넷·IT·통신·모바일·게임>빅데이터·AI(인공지능)> Python|인터넷·IT·통신·모바일·게임>빅데이터·AI(인공지능)>딥러닝
b6d169aa029a45a6,[강남/스타트업] 에이스랩 자율주행 엔지니어,서울 강남구,,"공학 등 관련학사혹은 상응하는 지식- 프로그래밍 능력 (C/C++, python, etc)자세한 업무 및 자격 요건은 자사 홈페이지에서 확인 00 명... 통신·모바일·게임>응용프로그래머> Python|인터넷·IT·통신·모바일·게임..."
